user_id,name,email,date_of_birth
1111,john,john1@gmail.com,1950-02-01
1112,john2,john2@gmail.com,1960-03-02
1113,john3,john3@gmail.com,1970-04-03
1114,john4,john4@gmail.com,1980-05-04
1115,john5,john5@gmail.com,2008-06-05
1116,john6,john6@gmail.com,2007-07-06
1117,john7,john7@gmail.com,2011-08-07
1118,john8,john8@gmail.com,2007-09-08
1119,john9,john9@gmail.com,2008-10-09
1120,john10,john10@gmail.com,2009-11-12
1120,john10,john10@gmail.com,2009-11-12